{"cameraMode":{"drawMode":0,"name":"Shaded","section":"Shading Mode"},"sceneLighting":false,"audioPlay":false,"sceneViewState":{"showFog":true,"showMaterialUpdate":false,"showSkybox":false,"showFlares":true,"showImageEffects":true,"showParticleSystems":true},"in2DMode":false,"pivot":{"x":0.00041484832763671875,"y":0.17855936288833619,"z":-4.470348358154297e-7},"rotation":{"x":0.15649808943271638,"y":-0.19998426735401154,"z":0.03237598389387131,"w":0.966678261756897},"size":1.0998632907867432,"orthographic":false}