{"cameraMode":{"drawMode":0,"name":"Shaded","section":"Shading Mode"},"sceneLighting":false,"audioPlay":false,"sceneViewState":{"showFog":true,"showMaterialUpdate":false,"showSkybox":false,"showFlares":true,"showImageEffects":true,"showParticleSystems":true},"in2DMode":false,"pivot":{"x":0.0,"y":0.9100000262260437,"z":0.012646347284317017},"rotation":{"x":0.2687602639198303,"y":-0.18635380268096925,"z":0.05308287963271141,"w":0.9435163140296936},"size":3.2050938606262209,"orthographic":false}