{"cameraMode":{"drawMode":0,"name":"Shaded","section":"Shading Mode"},"sceneLighting":false,"audioPlay":false,"sceneViewState":{"showFog":true,"showMaterialUpdate":false,"showSkybox":false,"showFlares":true,"showImageEffects":true,"showParticleSystems":true},"in2DMode":false,"pivot":{"x":-0.3682122826576233,"y":0.09520280361175537,"z":0.23618298768997193},"rotation":{"x":0.3676667809486389,"y":-0.0807563066482544,"z":0.03206806257367134,"w":0.9258896708488464},"size":1.476704716682434,"orthographic":false}