{"cameraMode":{"drawMode":0,"name":"Shaded","section":"Shading Mode"},"sceneLighting":false,"audioPlay":false,"sceneViewState":{"showFog":true,"showMaterialUpdate":false,"showSkybox":false,"showFlares":true,"showImageEffects":true,"showParticleSystems":true},"in2DMode":false,"pivot":{"x":0.24155974388122559,"y":-0.18904924392700196,"z":1.2463833093643189},"rotation":{"x":0.2687602639198303,"y":-0.18635380268096925,"z":0.05308287963271141,"w":0.9435163140296936},"size":4.845440864562988,"orthographic":false}