{"cameraMode":{"drawMode":0,"name":"Shaded","section":"Shading Mode"},"sceneLighting":false,"audioPlay":false,"sceneViewState":{"showFog":true,"showMaterialUpdate":false,"showSkybox":false,"showFlares":true,"showImageEffects":true,"showParticleSystems":true},"in2DMode":false,"pivot":{"x":-6.967761039733887,"y":1.8101654052734376,"z":0.45670461654663088},"rotation":{"x":-0.23680666089057923,"y":0.26838743686676028,"z":-0.06822233647108078,"w":-0.9312788248062134},"size":1.8582897186279297,"orthographic":false}