{"cameraMode":{"drawMode":0,"name":"Shaded","section":"Shading Mode"},"sceneLighting":false,"audioPlay":false,"sceneViewState":{"showFog":true,"showMaterialUpdate":false,"showSkybox":false,"showFlares":true,"showImageEffects":true,"showParticleSystems":true},"in2DMode":false,"pivot":{"x":-2.980232238769531e-7,"y":0.4452378451824188,"z":0.0023538172245025636},"rotation":{"x":0.15649808943271638,"y":-0.19998426735401154,"z":0.03237598389387131,"w":0.966678261756897},"size":2.2423009872436525,"orthographic":false}