{"cameraMode":{"drawMode":0,"name":"Shaded","section":"Shading Mode"},"sceneLighting":false,"audioPlay":false,"sceneViewState":{"showFog":true,"showMaterialUpdate":false,"showSkybox":false,"showFlares":true,"showImageEffects":true,"showParticleSystems":true},"in2DMode":false,"pivot":{"x":-0.0004258453845977783,"y":0.15240439772605897,"z":-0.00029459595680236816},"rotation":{"x":0.2687602639198303,"y":-0.18635380268096925,"z":0.05308287963271141,"w":0.9435163140296936},"size":0.8239069581031799,"orthographic":false}