{"cameraMode":{"drawMode":0,"name":"Shaded","section":"Shading Mode"},"sceneLighting":false,"audioPlay":false,"sceneViewState":{"showFog":true,"showMaterialUpdate":false,"showSkybox":false,"showFlares":true,"showImageEffects":true,"showParticleSystems":true},"in2DMode":false,"pivot":{"x":0.0019960403442382814,"y":1.2206965684890748,"z":0.00156402587890625},"rotation":{"x":0.17693562805652619,"y":-0.66642165184021,"z":0.1673288643360138,"w":0.7046827077865601},"size":11.80305004119873,"orthographic":false}