{"cameraMode":{"drawMode":0,"name":"Shaded","section":"Shading Mode"},"sceneLighting":false,"audioPlay":false,"sceneViewState":{"showFog":true,"showMaterialUpdate":false,"showSkybox":false,"showFlares":true,"showImageEffects":true,"showParticleSystems":true},"in2DMode":false,"pivot":{"x":0.004074215888977051,"y":1.2750169038772584,"z":-0.005834460258483887},"rotation":{"x":0.2687602639198303,"y":-0.18635380268096925,"z":0.05308287963271141,"w":0.9435163140296936},"size":5.815731048583984,"orthographic":false}