{"cameraMode":{"drawMode":0,"name":"Shaded","section":"Shading Mode"},"sceneLighting":false,"audioPlay":false,"sceneViewState":{"showFog":true,"showMaterialUpdate":false,"showSkybox":false,"showFlares":true,"showImageEffects":true,"showParticleSystems":true},"in2DMode":false,"pivot":{"x":0.0,"y":0.20059390366077424,"z":0.01349911093711853},"rotation":{"x":0.15649808943271638,"y":-0.19998426735401154,"z":0.03237598389387131,"w":0.966678261756897},"size":1.5391438007354737,"orthographic":false}