{"cameraMode":{"drawMode":0,"name":"Shaded","section":"Shading Mode"},"sceneLighting":false,"audioPlay":false,"sceneViewState":{"showFog":true,"showMaterialUpdate":false,"showSkybox":false,"showFlares":true,"showImageEffects":true,"showParticleSystems":true},"in2DMode":false,"pivot":{"x":-0.0019850730895996095,"y":0.29447126388549807,"z":-0.0033409595489501955},"rotation":{"x":0.15649808943271638,"y":-0.19998426735401154,"z":0.03237598389387131,"w":0.966678261756897},"size":2.2465484142303469,"orthographic":false}