{"cameraMode":{"drawMode":0,"name":"Shaded","section":"Shading Mode"},"sceneLighting":true,"audioPlay":false,"sceneViewState":{"showFog":true,"showMaterialUpdate":false,"showSkybox":true,"showFlares":true,"showImageEffects":true,"showParticleSystems":true},"in2DMode":false,"pivot":{"x":0.04513925313949585,"y":2.2585299015045168,"z":-2.0769901275634767},"rotation":{"x":-0.03370748460292816,"y":0.9541041851043701,"z":-0.2733241021633148,"w":-0.11766337603330612},"size":2.481487274169922,"orthographic":false}